성별,혈액형별,혈액원별,2005 년,2006 년,2007 년,2008 년,2009 년,2010 년,2011 년,2012 년,2013 년,2014 년,2015 년,2016 년,2017 년,2018 년,2019 년,2020 년,2021 년,2022 년,2023 년,2024 년
남자,O+,서울중앙,45967.0,47749.0,37832.0,40468.0,40474.0,46782.0,44866.0,44866.0,44866.0,44866.0,44866.0,44866.0,44866.0,53181.0,50466.0,43445.0,43013.0,42623.0,45491.0,45761.0
남자,O+,서울서부,31097.0,31407.0,32294.0,34538.0,38498.0,17518.0,49093.0,52948.0,57909.0,63908.0,62502.0,56933.0,55102.0,44904.0,44904.0,44904.0,44904.0,44904.0,44904.0,44904.0
남자,O+,서울남부,41058.0,41783.0,37318.0,39400.0,42406.0,44876.0,44621.0,45485.0,47027.0,46468.0,44955.0,45875.0,50295.0,47434.0,43836.0,39017.0,35767.0,36349.0,40105.0,41381.0
남자,O+,서울동부,43138.0,40800.0,34478.0,36767.0,38327.0,43953.0,46757.0,48943.0,53445.0,57424.0,56131.0,53288.0,54803.0,54459.0,51377.0,46584.0,45980.0,45546.0,49611.0,49468.0
남자,O+,부산,44622.0,43615.0,40588.0,43562.0,44321.0,45757.0,41729.0,41613.0,42447.0,42652.0,43015.0,39245.0,42462.0,43115.0,40951.0,37632.0,37201.0,37446.0,38354.0,38959.0
남자,O+,대구·경북,40685.0,39276.0,32829.0,36913.0,42001.0,40549.0,39295.0,41966.0,45846.0,48976.0,49020.0,46846.0,48350.0,49399.0,46588.0,39007.0,45050.0,44596.0,47144.0,48497.0
남자,O+,인천,24781.0,24143.0,21898.0,23693.0,24834.0,28020.0,31821.0,31511.0,31917.0,33402.0,32879.0,31139.0,31966.0,30485.0,30756.0,32852.0,33086.0,33250.0,35429.0,36995.0
남자,O+,울산,17494.0,18047.0,14789.0,15569.0,16096.0,15425.0,15096.0,15783.0,16492.0,18675.0,18894.0,17568.0,17937.0,18032.0,18811.0,17478.0,17639.0,17771.0,20830.0,21904.0
남자,O+,경기,32159.0,31723.0,28619.0,30506.0,33362.0,33869.0,34922.0,34967.0,38164.0,40945.0,43543.0,42464.0,44252.0,42990.0,44329.0,47715.0,46862.0,43873.0,46880.0,46934.0
남자,O+,강원,21108.0,18653.0,15473.0,17034.0,17515.0,17961.0,19606.0,23506.0,26232.0,27217.0,32278.0,33382.0,34779.0,36790.0,35386.0,32247.0,30611.0,27440.0,29234.0,31445.0
남자,O+,충북,16586.0,16929.0,15831.0,17946.0,20993.0,21124.0,18987.0,20844.0,19814.0,19825.0,19445.0,17938.0,19341.0,19367.0,19355.0,17872.0,17441.0,16759.0,17530.0,18312.0
남자,O+,대전·세종·충남,38249.0,31699.0,31308.0,35655.0,37794.0,39980.0,39486.0,40917.0,43863.0,45568.0,48278.0,46521.0,47064.0,48243.0,47444.0,45970.0,44675.0,44113.0,45402.0,46684.0
남자,O+,전북,24743.0,23275.0,20323.0,21512.0,23969.0,24320.0,23705.0,24013.0,24876.0,23359.0,24940.0,22937.0,22916.0,21525.0,21455.0,20414.0,20301.0,17962.0,19224.0,19878.0
남자,O+,광주·전남,33978.0,37237.0,32418.0,34132.0,35452.0,34235.0,31975.0,31793.0,34764.0,36082.0,36776.0,34674.0,38600.0,36754.0,37075.0,33145.0,33281.0,32634.0,34006.0,33799.0
남자,O+,경남,24081.0,23885.0,20439.0,23151.0,25377.0,26144.0,25027.0,26033.0,27995.0,30059.0,28892.0,27415.0,27782.0,27879.0,27775.0,27319.0,26401.0,25374.0,27399.0,27894.0
남자,O+,제주,6807.0,6396.0,5701.0,6236.0,6765.0,6701.0,5927.0,5735.0,6045.0,6481.0,7258.0,6685.0,7015.0,6520.0,6773.0,8015.0,8055.0,8147.0,9078.0,9287.0
남자,O+,대한적십자사 외,11673.0,11994.0,12765.0,17265.0,22123.0,27428.0,29195.0,31377.0,34902.0,35926.0,37947.0,39027.0,39314.0,36600.0,35272.0,34412.0,34137.0,38977.0,45244.0,42228.0
남자,A+,서울중앙,57467.0,59196.0,46545.0,49904.0,50018.0,58924.0,55874.0,55874.0,55874.0,55874.0,55874.0,55874.0,55874.0,66845.0,62401.0,54442.0,52988.0,53364.0,56750.0,57519.0
남자,A+,서울서부,38925.0,39441.0,41024.0,44415.0,49818.0,22848.0,61908.0,65761.0,72047.0,81161.0,80240.0,72561.0,69084.0,56864.0,56864.0,56864.0,56864.0,56864.0,56864.0,56864.0
남자,A+,서울남부,50556.0,51469.0,46596.0,48617.0,52498.0,54559.0,54711.0,56890.0,58944.0,57887.0,56196.0,57372.0,63188.0,59235.0,54200.0,49413.0,45589.0,45211.0,49850.0,52847.0
남자,A+,서울동부,53955.0,51525.0,43457.0,45732.0,48880.0,55280.0,58343.0,62112.0,67873.0,72461.0,70394.0,67191.0,69387.0,69575.0,63469.0,58288.0,56913.0,56473.0,61615.0,61579.0
남자,A+,부산,56306.0,55685.0,51306.0,54118.0,54652.0,57961.0,52060.0,52663.0,53714.0,54669.0,55069.0,49641.0,51760.0,53916.0,51572.0,48049.0,46698.0,48124.0,49468.0,50032.0
남자,A+,대구·경북,49204.0,46634.0,39362.0,44378.0,50744.0,48940.0,47749.0,51435.0,55966.0,60273.0,60150.0,56769.0,57385.0,58932.0,55991.0,46574.0,53183.0,52779.0,55796.0,58483.0
남자,A+,인천,30786.0,29537.0,27203.0,29769.0,30630.0,34884.0,39136.0,39169.0,40157.0,42870.0,41971.0,38675.0,39416.0,37808.0,38101.0,40378.0,40605.0,40601.0,42674.0,45704.0
남자,A+,울산,20934.0,22237.0,17960.0,19075.0,19280.0,18770.0,18995.0,20095.0,21085.0,23651.0,24101.0,22930.0,22829.0,22576.0,23284.0,21570.0,21619.0,21554.0,24600.0,26553.0
남자,A+,경기,39931.0,39043.0,35127.0,37245.0,41874.0,41809.0,42988.0,43734.0,47953.0,52008.0,54551.0,52977.0,54580.0,53472.0,53573.0,57364.0,57321.0,54378.0,57945.0,58635.0
남자,A+,강원,25202.0,22663.0,18388.0,20590.0,21606.0,22141.0,24244.0,28648.0,31421.0,33037.0,38345.0,40835.0,42649.0,45213.0,42221.0,38455.0,35813.0,32724.0,34918.0,37819.0
남자,A+,충북,19987.0,20609.0,19509.0,22558.0,26505.0,26528.0,23682.0,26065.0,24952.0,25096.0,24413.0,22156.0,23973.0,23870.0,23513.0,22252.0,21224.0,20465.0,21186.0,22886.0
남자,A+,대전·세종·충남,48046.0,40128.0,40183.0,46472.0,48565.0,51430.0,49769.0,52136.0,55802.0,58688.0,62029.0,58197.0,59427.0,61403.0,60871.0,58697.0,57471.0,56709.0,58080.0,58551.0
남자,A+,전북,34780.0,32234.0,27154.0,29174.0,32986.0,34470.0,33114.0,33648.0,34441.0,32571.0,33747.0,31409.0,31333.0,29634.0,29066.0,27248.0,27227.0,24989.0,26022.0,27112.0
남자,A+,광주·전남,48808.0,53282.0,46593.0,48109.0,50871.0,47781.0,45399.0,44295.0,48973.0,50920.0,51824.0,48538.0,53921.0,51584.0,52067.0,46640.0,46950.0,45119.0,46744.0,48084.0
남자,A+,경남,30371.0,30422.0,26590.0,29338.0,32611.0,33096.0,32374.0,33491.0,36485.0,39274.0,37388.0,35013.0,35304.0,36244.0,35715.0,35179.0,33067.0,31923.0,33974.0,35901.0
남자,A+,제주,7684.0,7391.0,6851.0,7124.0,7620.0,7659.0,6697.0,6364.0,6582.0,7175.0,7763.0,7129.0,7997.0,7504.0,7519.0,8859.0,9054.0,8998.0,10226.0,10724.0
남자,A+,대한적십자사 외,13769.0,15414.0,16068.0,21851.0,27433.0,34284.0,36663.0,39644.0,43176.0,44398.0,45677.0,47536.0,49284.0,45741.0,43407.0,41466.0,41403.0,47593.0,55310.0,52267.0
남자,B+,서울중앙,46008.0,47028.0,36955.0,39612.0,40047.0,46413.0,43545.0,43545.0,43545.0,43545.0,43545.0,43545.0,43545.0,51849.0,48334.0,41018.0,40401.0,40652.0,43281.0,44486.0
남자,B+,서울서부,30379.0,29983.0,30889.0,34238.0,38175.0,17353.0,47493.0,50808.0,54937.0,61966.0,61464.0,55966.0,53345.0,43615.0,43615.0,43615.0,43615.0,43615.0,43615.0,43615.0
남자,B+,서울남부,40951.0,40668.0,36512.0,38377.0,41729.0,43456.0,42413.0,44033.0,45920.0,45735.0,44578.0,45427.0,49263.0,46209.0,43171.0,38626.0,35225.0,35474.0,39663.0,40772.0
남자,B+,서울동부,43094.0,40876.0,34061.0,35979.0,37898.0,43554.0,45655.0,48293.0,53204.0,57709.0,55523.0,52161.0,53442.0,53254.0,49319.0,45766.0,44467.0,44324.0,47929.0,48215.0
남자,B+,부산,43526.0,42351.0,38500.0,41079.0,42177.0,43886.0,39367.0,39996.0,41386.0,41205.0,42052.0,37374.0,40068.0,41078.0,39473.0,36260.0,35533.0,36406.0,37819.0,38386.0
남자,B+,대구·경북,39877.0,37710.0,31684.0,35835.0,41537.0,39866.0,38617.0,41040.0,44840.0,48430.0,47665.0,45002.0,46532.0,47777.0,45060.0,37330.0,42422.0,43032.0,44986.0,47330.0
남자,B+,인천,24286.0,23078.0,20822.0,23131.0,23889.0,27704.0,30589.0,30319.0,31121.0,33359.0,32055.0,30069.0,30932.0,29469.0,29828.0,32027.0,31846.0,31852.0,33772.0,36419.0
남자,B+,울산,15933.0,17008.0,13698.0,14889.0,15310.0,14496.0,14131.0,15237.0,15673.0,17755.0,18489.0,17074.0,17393.0,17321.0,18141.0,16731.0,16931.0,17107.0,19565.0,21052.0
남자,B+,경기,31533.0,30516.0,27040.0,29125.0,32555.0,33127.0,33459.0,34173.0,37596.0,40710.0,42434.0,40677.0,41961.0,41226.0,41590.0,45410.0,43970.0,41696.0,44456.0,44954.0
남자,B+,강원,20350.0,18412.0,15153.0,16823.0,17720.0,18605.0,20030.0,23885.0,26457.0,27706.0,32107.0,33817.0,35178.0,36884.0,34984.0,32736.0,30517.0,26551.0,29159.0,31903.0
남자,B+,충북,17013.0,16950.0,16027.0,18854.0,22080.0,22759.0,20393.0,21790.0,21182.0,20830.0,20872.0,18752.0,20086.0,19706.0,19233.0,18203.0,17563.0,16782.0,17504.0,18339.0
남자,B+,대전·세종·충남,37761.0,30838.0,30050.0,34706.0,36576.0,40050.0,38464.0,40934.0,43951.0,46214.0,48932.0,46066.0,46736.0,48193.0,47295.0,46155.0,44690.0,44535.0,44759.0,45928.0
남자,B+,전북,24514.0,22715.0,19100.0,21264.0,23408.0,24374.0,23270.0,23526.0,24924.0,23032.0,24494.0,22552.0,22241.0,21567.0,21232.0,19624.0,19781.0,18015.0,18934.0,19473.0
남자,B+,광주·전남,33399.0,36682.0,31770.0,33370.0,34693.0,32611.0,30936.0,30973.0,34117.0,35262.0,35949.0,33786.0,37172.0,35457.0,35144.0,31964.0,31648.0,31523.0,32075.0,32808.0
남자,B+,경남,23675.0,23197.0,19565.0,22064.0,24544.0,25015.0,23859.0,24456.0,26982.0,29185.0,27786.0,26101.0,26338.0,26625.0,26234.0,26149.0,24520.0,24126.0,25971.0,27518.0
남자,B+,제주,7568.0,7213.0,6492.0,7102.0,7692.0,7428.0,6568.0,6073.0,6388.0,6870.0,7855.0,7203.0,7742.0,7449.0,7417.0,8800.0,8813.0,8419.0,9428.0,10006.0
남자,B+,대한적십자사 외,11346.0,11111.0,12007.0,16818.0,21634.0,26868.0,28586.0,30552.0,33535.0,34592.0,36003.0,37595.0,38100.0,36220.0,34131.0,33078.0,32932.0,37754.0,43206.0,40467.0
남자,AB+,서울중앙,19773.0,19880.0,15578.0,16754.0,16823.0,19640.0,18918.0,18918.0,18918.0,18918.0,18918.0,18918.0,18918.0,22765.0,20979.0,18251.0,18191.0,17891.0,19447.0,19959.0
남자,AB+,서울서부,12997.0,12758.0,12868.0,13993.0,15633.0,7277.0,19792.0,21590.0,23950.0,26761.0,26490.0,24576.0,23448.0,18626.0,18626.0,18626.0,18626.0,18626.0,18626.0,18626.0
남자,AB+,서울남부,16824.0,16946.0,15313.0,16343.0,17531.0,18357.0,17984.0,18973.0,19404.0,19320.0,19039.0,19886.0,21630.0,20276.0,18513.0,16720.0,15721.0,15276.0,17082.0,17549.0
남자,AB+,서울동부,18001.0,17115.0,14583.0,15409.0,16014.0,18657.0,19737.0,20964.0,22786.0,24580.0,23674.0,22232.0,22876.0,23083.0,21207.0,19831.0,19518.0,19537.0,20795.0,21035.0
남자,AB+,부산,18137.0,18074.0,16808.0,18088.0,18487.0,19161.0,17072.0,17471.0,18229.0,17734.0,17742.0,16242.0,16856.0,17867.0,17177.0,15561.0,15526.0,15751.0,16220.0,16451.0
남자,AB+,대구·경북,16365.0,15628.0,12817.0,14632.0,16778.0,16603.0,16155.0,16926.0,18671.0,19943.0,20089.0,19129.0,19617.0,19927.0,18981.0,15827.0,17786.0,17883.0,18762.0,19839.0
남자,AB+,인천,10368.0,9766.0,8822.0,9763.0,10308.0,11817.0,13226.0,12900.0,13179.0,14157.0,13892.0,12914.0,12979.0,12529.0,12859.0,13570.0,13775.0,13763.0,15026.0,15916.0
남자,AB+,울산,7203.0,7365.0,5969.0,6280.0,6467.0,6089.0,5875.0,6529.0,6894.0,7728.0,8263.0,7842.0,7474.0,7776.0,8017.0,7586.0,7354.0,7467.0,8417.0,9323.0
남자,AB+,경기,13328.0,13210.0,11622.0,12810.0,14128.0,14291.0,14575.0,14840.0,16154.0,17573.0,18025.0,17745.0,18206.0,17947.0,18760.0,19922.0,19591.0,18211.0,19257.0,19747.0
남자,AB+,강원,8585.0,7701.0,6401.0,6996.0,7259.0,7460.0,8270.0,9681.0,10662.0,11440.0,13022.0,13679.0,14304.0,15322.0,14377.0,13454.0,12766.0,11275.0,12291.0,13267.0
남자,AB+,충북,6952.0,7021.0,6736.0,7513.0,8918.0,9319.0,8494.0,9281.0,8681.0,8497.0,8522.0,7647.0,8327.0,8256.0,7840.0,7294.0,7287.0,6950.0,7050.0,7692.0
남자,AB+,대전·세종·충남,16112.0,13546.0,13499.0,15525.0,16148.0,17038.0,16783.0,17656.0,19249.0,19578.0,20676.0,19922.0,19596.0,20168.0,20193.0,20045.0,19263.0,19058.0,19431.0,19559.0
남자,AB+,전북,11111.0,10311.0,8901.0,9580.0,10910.0,10946.0,10490.0,10778.0,11202.0,10450.0,11215.0,10433.0,10358.0,9416.0,9255.0,8780.0,8685.0,8037.0,8308.0,8490.0
남자,AB+,광주·전남,15385.0,16663.0,14677.0,15499.0,16153.0,15245.0,14567.0,14414.0,15752.0,16685.0,16794.0,15753.0,17452.0,16901.0,16880.0,15307.0,15206.0,15118.0,15688.0,15909.0
남자,AB+,경남,9785.0,9686.0,8509.0,9536.0,10663.0,10934.0,10353.0,10573.0,11777.0,12382.0,11651.0,11161.0,11565.0,11751.0,11215.0,11293.0,10602.0,10313.0,11351.0,11418.0
남자,AB+,제주,2808.0,2656.0,2403.0,2655.0,2846.0,2829.0,2449.0,2258.0,2378.0,2533.0,2723.0,2602.0,2873.0,2671.0,2842.0,3241.0,3426.0,3276.0,3628.0,3933.0
남자,AB+,대한적십자사 외,5221.0,5136.0,5501.0,7308.0,8941.0,11555.0,12430.0,13111.0,14514.0,14817.0,15574.0,16202.0,16185.0,15096.0,14054.0,13931.0,14224.0,16218.0,19319.0,17933.0
남자,O-,서울중앙,138.0,207.0,145.0,127.0,152.0,177.0,201.0,201.0,201.0,201.0,201.0,201.0,201.0,282.0,263.0,249.0,236.0,220.0,227.0,187.0
남자,O-,서울서부,102.0,119.0,134.0,122.0,157.0,86.0,239.0,254.0,296.0,309.0,283.0,318.0,334.0,212.0,212.0,212.0,212.0,212.0,212.0,212.0
남자,O-,서울남부,157.0,146.0,122.0,144.0,143.0,170.0,136.0,253.0,282.0,260.0,236.0,220.0,232.0,236.0,181.0,162.0,133.0,171.0,133.0,168.0
남자,O-,서울동부,127.0,124.0,118.0,156.0,154.0,179.0,211.0,204.0,232.0,243.0,243.0,249.0,222.0,256.0,266.0,205.0,227.0,227.0,239.0,259.0
남자,O-,부산,154.0,146.0,142.0,190.0,169.0,186.0,177.0,181.0,150.0,218.0,184.0,137.0,186.0,188.0,157.0,117.0,158.0,151.0,127.0,122.0
남자,O-,대구·경북,140.0,175.0,151.0,151.0,150.0,179.0,153.0,204.0,207.0,246.0,228.0,233.0,218.0,252.0,216.0,170.0,249.0,216.0,228.0,229.0
남자,O-,인천,77.0,90.0,101.0,100.0,94.0,125.0,143.0,156.0,123.0,151.0,180.0,139.0,120.0,142.0,120.0,155.0,117.0,135.0,134.0,182.0
남자,O-,울산,71.0,69.0,75.0,72.0,58.0,80.0,80.0,90.0,90.0,121.0,132.0,113.0,113.0,112.0,102.0,104.0,92.0,97.0,99.0,85.0
남자,O-,경기,129.0,127.0,133.0,133.0,133.0,154.0,124.0,167.0,191.0,238.0,217.0,195.0,267.0,265.0,243.0,231.0,232.0,258.0,258.0,244.0
남자,O-,강원,57.0,53.0,54.0,53.0,44.0,43.0,55.0,81.0,89.0,137.0,168.0,166.0,117.0,143.0,156.0,139.0,101.0,109.0,123.0,126.0
남자,O-,충북,60.0,75.0,69.0,61.0,82.0,86.0,67.0,70.0,78.0,76.0,67.0,74.0,69.0,89.0,73.0,78.0,56.0,66.0,83.0,50.0
남자,O-,대전·세종·충남,129.0,121.0,121.0,135.0,179.0,176.0,188.0,161.0,212.0,205.0,194.0,194.0,171.0,164.0,192.0,209.0,205.0,196.0,262.0,224.0
남자,O-,전북,81.0,58.0,58.0,75.0,65.0,94.0,124.0,128.0,142.0,147.0,121.0,105.0,95.0,88.0,64.0,77.0,81.0,73.0,76.0,89.0
남자,O-,광주·전남,109.0,118.0,101.0,97.0,118.0,100.0,109.0,105.0,103.0,157.0,152.0,140.0,159.0,138.0,139.0,120.0,128.0,131.0,124.0,112.0
남자,O-,경남,66.0,94.0,65.0,84.0,95.0,88.0,100.0,103.0,136.0,142.0,135.0,98.0,100.0,137.0,137.0,149.0,122.0,101.0,134.0,113.0
남자,O-,제주,20.0,34.0,20.0,24.0,23.0,20.0,19.0,32.0,42.0,26.0,23.0,31.0,31.0,15.0,20.0,29.0,28.0,29.0,42.0,39.0
남자,O-,대한적십자사 외,27.0,23.0,23.0,61.0,90.0,141.0,124.0,101.0,119.0,120.0,130.0,132.0,135.0,127.0,137.0,118.0,138.0,136.0,130.0,154.0
남자,A-,서울중앙,228.0,189.0,180.0,184.0,197.0,231.0,218.0,218.0,218.0,218.0,218.0,218.0,218.0,249.0,261.0,224.0,229.0,245.0,222.0,194.0
남자,A-,서울서부,166.0,223.0,223.0,172.0,199.0,70.0,250.0,304.0,345.0,440.0,347.0,265.0,228.0,249.0,249.0,249.0,249.0,249.0,249.0,249.0
남자,A-,서울남부,177.0,235.0,219.0,209.0,200.0,258.0,246.0,279.0,309.0,233.0,264.0,192.0,228.0,219.0,160.0,184.0,189.0,209.0,182.0,197.0
남자,A-,서울동부,170.0,186.0,191.0,182.0,203.0,187.0,221.0,237.0,282.0,282.0,267.0,294.0,286.0,251.0,263.0,287.0,276.0,281.0,270.0,300.0
남자,A-,부산,173.0,186.0,170.0,162.0,149.0,194.0,201.0,208.0,216.0,225.0,214.0,205.0,195.0,199.0,197.0,214.0,166.0,132.0,174.0,148.0
남자,A-,대구·경북,206.0,172.0,204.0,184.0,190.0,192.0,193.0,232.0,228.0,279.0,258.0,200.0,206.0,219.0,213.0,188.0,230.0,227.0,255.0,236.0
남자,A-,인천,119.0,107.0,130.0,125.0,122.0,136.0,173.0,171.0,273.0,236.0,235.0,173.0,181.0,180.0,157.0,144.0,170.0,157.0,150.0,140.0
남자,A-,울산,68.0,88.0,68.0,60.0,55.0,58.0,56.0,55.0,74.0,93.0,84.0,83.0,73.0,99.0,112.0,115.0,110.0,102.0,130.0,122.0
남자,A-,경기,176.0,148.0,141.0,158.0,170.0,178.0,182.0,211.0,253.0,235.0,249.0,208.0,199.0,219.0,218.0,254.0,288.0,254.0,240.0,210.0
남자,A-,강원,102.0,102.0,68.0,81.0,66.0,80.0,83.0,76.0,102.0,108.0,130.0,140.0,166.0,199.0,140.0,141.0,140.0,124.0,143.0,130.0
남자,A-,충북,77.0,105.0,102.0,91.0,113.0,92.0,109.0,136.0,136.0,136.0,138.0,90.0,82.0,114.0,127.0,121.0,111.0,104.0,105.0,126.0
남자,A-,대전·세종·충남,151.0,164.0,176.0,160.0,202.0,200.0,220.0,231.0,234.0,212.0,250.0,232.0,245.0,292.0,277.0,291.0,305.0,258.0,227.0,242.0
남자,A-,전북,131.0,136.0,123.0,103.0,116.0,82.0,105.0,124.0,157.0,153.0,172.0,130.0,127.0,146.0,131.0,108.0,90.0,76.0,92.0,91.0
남자,A-,광주·전남,160.0,196.0,123.0,152.0,152.0,156.0,139.0,142.0,172.0,155.0,153.0,132.0,174.0,161.0,166.0,136.0,157.0,184.0,171.0,169.0
남자,A-,경남,94.0,118.0,84.0,98.0,111.0,117.0,115.0,117.0,170.0,168.0,177.0,144.0,154.0,142.0,152.0,171.0,139.0,155.0,128.0,140.0
남자,A-,제주,41.0,38.0,25.0,27.0,33.0,38.0,25.0,28.0,35.0,28.0,23.0,37.0,25.0,29.0,35.0,34.0,54.0,73.0,73.0,73.0
남자,A-,대한적십자사 외,16.0,67.0,28.0,53.0,95.0,135.0,150.0,158.0,159.0,172.0,179.0,172.0,186.0,166.0,167.0,167.0,168.0,202.0,218.0,171.0
남자,B-,서울중앙,174.0,192.0,147.0,128.0,149.0,216.0,170.0,170.0,170.0,170.0,170.0,170.0,170.0,198.0,150.0,145.0,162.0,193.0,193.0,169.0
남자,B-,서울서부,115.0,106.0,108.0,123.0,137.0,68.0,200.0,213.0,233.0,279.0,247.0,192.0,207.0,171.0,171.0,171.0,171.0,171.0,171.0,171.0
남자,B-,서울남부,175.0,161.0,147.0,157.0,179.0,177.0,172.0,223.0,212.0,205.0,206.0,239.0,231.0,172.0,149.0,117.0,128.0,109.0,133.0,171.0
남자,B-,서울동부,139.0,154.0,143.0,150.0,151.0,211.0,220.0,237.0,246.0,284.0,257.0,234.0,234.0,229.0,232.0,178.0,193.0,188.0,168.0,143.0
남자,B-,부산,136.0,152.0,151.0,145.0,169.0,181.0,182.0,179.0,192.0,195.0,149.0,134.0,181.0,175.0,176.0,176.0,142.0,125.0,114.0,110.0
남자,B-,대구·경북,139.0,154.0,138.0,161.0,160.0,155.0,167.0,177.0,181.0,174.0,158.0,137.0,170.0,131.0,163.0,139.0,172.0,179.0,181.0,169.0
남자,B-,인천,75.0,80.0,97.0,87.0,68.0,90.0,136.0,170.0,196.0,157.0,139.0,106.0,142.0,133.0,143.0,192.0,171.0,165.0,149.0,163.0
남자,B-,울산,104.0,71.0,64.0,63.0,61.0,93.0,66.0,53.0,42.0,77.0,75.0,80.0,54.0,54.0,62.0,51.0,62.0,49.0,62.0,66.0
남자,B-,경기,99.0,88.0,100.0,113.0,106.0,123.0,153.0,164.0,165.0,182.0,191.0,229.0,186.0,185.0,173.0,213.0,211.0,192.0,219.0,172.0
남자,B-,강원,81.0,77.0,52.0,61.0,75.0,68.0,84.0,78.0,99.0,127.0,121.0,130.0,117.0,133.0,93.0,122.0,116.0,123.0,124.0,114.0
남자,B-,충북,53.0,60.0,38.0,37.0,86.0,95.0,66.0,100.0,85.0,93.0,86.0,78.0,95.0,89.0,101.0,95.0,99.0,51.0,98.0,100.0
남자,B-,대전·세종·충남,130.0,130.0,95.0,101.0,133.0,145.0,142.0,189.0,183.0,206.0,192.0,148.0,161.0,149.0,159.0,195.0,170.0,173.0,144.0,153.0
남자,B-,전북,78.0,56.0,64.0,78.0,67.0,94.0,77.0,103.0,83.0,101.0,80.0,78.0,86.0,73.0,82.0,73.0,83.0,66.0,62.0,86.0
남자,B-,광주·전남,140.0,136.0,125.0,145.0,137.0,107.0,136.0,123.0,134.0,128.0,102.0,105.0,117.0,104.0,120.0,122.0,137.0,104.0,83.0,93.0
남자,B-,경남,105.0,107.0,71.0,89.0,86.0,102.0,80.0,88.0,89.0,122.0,133.0,142.0,75.0,82.0,125.0,105.0,94.0,129.0,101.0,113.0
남자,B-,제주,35.0,22.0,22.0,19.0,23.0,24.0,19.0,22.0,15.0,19.0,24.0,22.0,20.0,28.0,34.0,31.0,26.0,34.0,40.0,62.0
남자,B-,대한적십자사 외,20.0,14.0,15.0,32.0,76.0,96.0,92.0,117.0,117.0,134.0,114.0,94.0,107.0,108.0,89.0,105.0,124.0,125.0,144.0,110.0
남자,AB-,서울중앙,69.0,65.0,50.0,61.0,65.0,89.0,75.0,75.0,75.0,75.0,75.0,75.0,75.0,112.0,62.0,58.0,102.0,74.0,86.0,77.0
남자,AB-,서울서부,76.0,56.0,75.0,63.0,78.0,39.0,102.0,93.0,111.0,122.0,87.0,119.0,90.0,85.0,85.0,85.0,85.0,85.0,85.0,85.0
남자,AB-,서울남부,76.0,67.0,44.0,66.0,68.0,67.0,82.0,100.0,82.0,99.0,80.0,108.0,113.0,124.0,110.0,84.0,117.0,73.0,71.0,76.0
남자,AB-,서울동부,60.0,62.0,70.0,52.0,55.0,60.0,69.0,60.0,72.0,85.0,74.0,95.0,77.0,80.0,66.0,51.0,61.0,62.0,71.0,69.0
남자,AB-,부산,80.0,77.0,60.0,67.0,74.0,93.0,72.0,87.0,67.0,96.0,108.0,88.0,49.0,55.0,80.0,58.0,87.0,77.0,119.0,125.0
남자,AB-,대구·경북,87.0,70.0,56.0,55.0,68.0,83.0,62.0,63.0,67.0,85.0,116.0,108.0,100.0,72.0,78.0,51.0,63.0,55.0,91.0,77.0
남자,AB-,인천,23.0,32.0,28.0,25.0,39.0,55.0,64.0,57.0,65.0,64.0,60.0,54.0,44.0,55.0,38.0,65.0,78.0,60.0,65.0,67.0
남자,AB-,울산,21.0,18.0,17.0,23.0,30.0,30.0,32.0,28.0,38.0,46.0,47.0,27.0,27.0,36.0,32.0,25.0,35.0,36.0,47.0,38.0
남자,AB-,경기,61.0,53.0,35.0,39.0,44.0,64.0,63.0,61.0,83.0,76.0,64.0,97.0,79.0,89.0,49.0,84.0,127.0,78.0,69.0,73.0
남자,AB-,강원,23.0,25.0,20.0,30.0,25.0,36.0,33.0,32.0,51.0,59.0,61.0,45.0,57.0,49.0,51.0,39.0,49.0,48.0,40.0,54.0
남자,AB-,충북,24.0,33.0,45.0,44.0,24.0,18.0,20.0,30.0,43.0,41.0,32.0,25.0,16.0,17.0,21.0,23.0,43.0,53.0,25.0,37.0
남자,AB-,대전·세종·충남,52.0,36.0,47.0,40.0,49.0,72.0,72.0,63.0,68.0,73.0,82.0,77.0,78.0,68.0,68.0,78.0,102.0,115.0,88.0,91.0
남자,AB-,전북,19.0,14.0,20.0,49.0,44.0,36.0,40.0,23.0,36.0,36.0,44.0,38.0,35.0,41.0,43.0,28.0,38.0,18.0,19.0,25.0
남자,AB-,광주·전남,71.0,45.0,42.0,49.0,38.0,59.0,57.0,44.0,62.0,66.0,59.0,71.0,72.0,69.0,91.0,65.0,91.0,79.0,71.0,70.0
남자,AB-,경남,48.0,58.0,44.0,58.0,58.0,50.0,58.0,54.0,44.0,93.0,73.0,62.0,47.0,40.0,42.0,40.0,59.0,47.0,39.0,19.0
남자,AB-,제주,5.0,5.0,10.0,12.0,14.0,4.0,6.0,3.0,13.0,8.0,16.0,10.0,11.0,3.0,11.0,8.0,10.0,12.0,17.0,20.0
남자,AB-,대한적십자사 외,16.0,4.0,1.0,10.0,30.0,36.0,34.0,38.0,42.0,42.0,41.0,60.0,69.0,81.0,77.0,49.0,49.0,57.0,62.0,63.0
여자,O+,서울중앙,10994.0,13099.0,13925.0,16673.0,16519.0,21481.0,17407.0,17407.0,17407.0,17407.0,17407.0,17407.0,17407.0,19428.0,19392.0,18375.0,17443.0,19417.0,19684.0,19862.0
여자,O+,서울서부,5280.0,6809.0,10271.0,11823.0,13878.0,6625.0,25273.0,24372.0,25383.0,27308.0,27624.0,22120.0,21059.0,17525.0,17525.0,17525.0,17525.0,17525.0,17525.0,17525.0
여자,O+,서울남부,8647.0,10411.0,10069.0,11997.0,14898.0,16137.0,15992.0,17504.0,17429.0,16216.0,16089.0,15775.0,17143.0,15910.0,15518.0,13060.0,12214.0,13662.0,13960.0,15128.0
여자,O+,서울동부,10326.0,13520.0,15165.0,17820.0,19766.0,23605.0,25980.0,26039.0,26675.0,28248.0,25783.0,22045.0,22422.0,22067.0,20633.0,17143.0,18030.0,20460.0,21909.0,21395.0
여자,O+,부산,14013.0,14618.0,11410.0,14526.0,15529.0,17993.0,18235.0,18182.0,20475.0,21390.0,21969.0,17106.0,17335.0,18695.0,17788.0,16468.0,16186.0,18030.0,17639.0,18426.0
여자,O+,대구·경북,13305.0,13659.0,11329.0,15906.0,18228.0,18731.0,19500.0,21041.0,22053.0,24011.0,23406.0,19528.0,19361.0,20100.0,18994.0,16694.0,18999.0,19010.0,18099.0,19219.0
여자,O+,인천,10807.0,9472.0,8606.0,9648.0,11184.0,13908.0,16147.0,15809.0,16640.0,16649.0,16190.0,13056.0,13232.0,13035.0,13039.0,12879.0,13387.0,14232.0,14271.0,14495.0
여자,O+,울산,4704.0,4726.0,3640.0,4351.0,4590.0,5115.0,5215.0,5730.0,5766.0,5874.0,6786.0,6150.0,5715.0,5868.0,6587.0,5456.0,5575.0,6442.0,7294.0,8381.0
여자,O+,경기,5709.0,7462.0,7252.0,8703.0,11577.0,12839.0,13906.0,13183.0,13834.0,14838.0,16671.0,14269.0,14612.0,13569.0,15195.0,15676.0,16336.0,16666.0,16437.0,16249.0
여자,O+,강원,2291.0,2583.0,2647.0,3414.0,4518.0,5044.0,5787.0,6399.0,7269.0,8185.0,9527.0,8115.0,8069.0,7526.0,7608.0,6827.0,6941.0,7577.0,7689.0,8803.0
여자,O+,충북,4515.0,4778.0,3971.0,4960.0,5751.0,5889.0,5410.0,5931.0,6370.0,7035.0,7129.0,6258.0,6625.0,6288.0,6679.0,5727.0,5925.0,6223.0,6052.0,6397.0
여자,O+,대전·세종·충남,5557.0,8143.0,8528.0,10587.0,11605.0,11505.0,12005.0,14504.0,16506.0,16481.0,18402.0,17788.0,18585.0,18854.0,19674.0,18431.0,18423.0,20139.0,18676.0,19491.0
여자,O+,전북,6909.0,8020.0,6183.0,7099.0,7936.0,7943.0,9172.0,9377.0,9384.0,9448.0,9108.0,7534.0,7114.0,6956.0,7522.0,7135.0,7093.0,7657.0,7664.0,8051.0
여자,O+,광주·전남,11286.0,14466.0,13714.0,16550.0,16966.0,17726.0,18038.0,16885.0,18764.0,20285.0,20847.0,18074.0,19372.0,17300.0,16949.0,14668.0,15167.0,17146.0,16200.0,16303.0
여자,O+,경남,3346.0,4126.0,4558.0,4695.0,5689.0,6562.0,6243.0,7021.0,8653.0,8393.0,7936.0,7590.0,8058.0,8528.0,8463.0,8286.0,8198.0,8614.0,8695.0,9369.0
여자,O+,제주,1771.0,1568.0,1610.0,2567.0,3294.0,3722.0,3397.0,3201.0,3571.0,3846.0,4038.0,3303.0,3335.0,2758.0,3216.0,3583.0,3426.0,3579.0,4123.0,4292.0
여자,O+,대한적십자사 외,2509.0,2425.0,3640.0,5041.0,7860.0,13812.0,16956.0,17787.0,22190.0,21762.0,21074.0,22264.0,19340.0,18519.0,13759.0,14795.0,15317.0,17534.0,20068.0,17743.0
여자,A+,서울중앙,13214.0,15547.0,16494.0,20066.0,20098.0,25946.0,20694.0,20694.0,20694.0,20694.0,20694.0,20694.0,20694.0,23696.0,22730.0,21370.0,20193.0,22760.0,22942.0,23964.0
여자,A+,서울서부,6525.0,8025.0,12451.0,14423.0,16978.0,8220.0,31074.0,30975.0,31330.0,33591.0,34195.0,27027.0,25299.0,21547.0,21547.0,21547.0,21547.0,21547.0,21547.0,21547.0
여자,A+,서울남부,10005.0,12748.0,12086.0,14492.0,17514.0,19067.0,19209.0,20860.0,21225.0,20020.0,19448.0,19254.0,20567.0,18780.0,17665.0,14915.0,14323.0,16184.0,16078.0,18227.0
여자,A+,서울동부,11910.0,16428.0,18260.0,21065.0,23748.0,29045.0,31300.0,32168.0,32428.0,34115.0,30406.0,25397.0,26010.0,25693.0,24255.0,20035.0,20689.0,23777.0,25109.0,24706.0
여자,A+,부산,16585.0,17184.0,13771.0,17563.0,18860.0,22235.0,22424.0,22636.0,25042.0,26511.0,27022.0,21013.0,21675.0,22597.0,21633.0,19795.0,19931.0,22029.0,20870.0,22218.0
여자,A+,대구·경북,15386.0,15726.0,13036.0,17998.0,20570.0,21974.0,22786.0,24822.0,26204.0,28051.0,27369.0,22395.0,22342.0,22316.0,21031.0,18470.0,21176.0,21169.0,19976.0,21283.0
여자,A+,인천,12612.0,11237.0,10261.0,11637.0,13469.0,17020.0,19822.0,19722.0,20313.0,20236.0,19659.0,16074.0,15952.0,15257.0,15097.0,14805.0,15560.0,17007.0,16306.0,17179.0
여자,A+,울산,5537.0,5659.0,4095.0,4901.0,5314.0,6300.0,6336.0,6939.0,6815.0,6925.0,7724.0,6949.0,6623.0,6595.0,7428.0,6046.0,6453.0,7461.0,8164.0,9455.0
여자,A+,경기,6627.0,8702.0,8734.0,10223.0,13866.0,15777.0,16517.0,15495.0,16635.0,17736.0,19491.0,16524.0,16741.0,15614.0,16990.0,17809.0,18806.0,18981.0,17871.0,18320.0
여자,A+,강원,2371.0,2765.0,2801.0,3664.0,4777.0,5392.0,6094.0,7024.0,7952.0,8868.0,10768.0,8519.0,8589.0,8396.0,8141.0,7250.0,7618.0,8314.0,8358.0,9874.0
여자,A+,충북,5289.0,5386.0,4763.0,5737.0,6526.0,6764.0,6451.0,7082.0,7507.0,8304.0,8632.0,7462.0,7703.0,7162.0,7815.0,6382.0,6492.0,7429.0,7209.0,7567.0
여자,A+,대전·세종·충남,6807.0,10073.0,10391.0,13598.0,14750.0,14794.0,15050.0,18694.0,20585.0,20621.0,23063.0,21998.0,22860.0,23474.0,24365.0,22624.0,22661.0,24296.0,22049.0,23318.0
여자,A+,전북,8780.0,10358.0,7737.0,8957.0,10372.0,10767.0,11989.0,12461.0,12659.0,12423.0,12076.0,9953.0,9563.0,9185.0,9512.0,9132.0,9238.0,9554.0,9116.0,9976.0
여자,A+,광주·전남,15222.0,20105.0,19011.0,22790.0,23384.0,24840.0,25192.0,22937.0,26086.0,28364.0,28856.0,24928.0,26412.0,24151.0,23672.0,19978.0,20663.0,23034.0,21373.0,22198.0
여자,A+,경남,4107.0,5088.0,5564.0,6011.0,7213.0,7964.0,7452.0,8722.0,10487.0,10860.0,10171.0,9304.0,9861.0,11027.0,10669.0,10507.0,10174.0,10744.0,9989.0,11412.0
여자,A+,제주,1887.0,1723.0,1681.0,2657.0,3382.0,4018.0,3651.0,3255.0,3677.0,4105.0,4328.0,3527.0,3565.0,2978.0,3226.0,3675.0,3688.0,3622.0,4245.0,4469.0
여자,A+,대한적십자사 외,2695.0,2757.0,4184.0,5946.0,8681.0,15740.0,19956.0,21334.0,26582.0,26145.0,25006.0,26915.0,23847.0,22463.0,16803.0,17658.0,18184.0,21197.0,23592.0,20647.0
여자,B+,서울중앙,11512.0,13277.0,13912.0,16779.0,16792.0,22027.0,16874.0,16874.0,16874.0,16874.0,16874.0,16874.0,16874.0,19299.0,17841.0,16772.0,16135.0,18186.0,18036.0,18794.0
여자,B+,서울서부,5592.0,6829.0,10275.0,11676.0,13781.0,6742.0,25159.0,25060.0,25105.0,27082.0,27028.0,21516.0,20093.0,17380.0,17380.0,17380.0,17380.0,17380.0,17380.0,17380.0
여자,B+,서울남부,8732.0,10740.0,10249.0,12248.0,15003.0,16278.0,15612.0,17067.0,16935.0,16075.0,16091.0,15783.0,16640.0,15262.0,14869.0,12512.0,11627.0,13209.0,13205.0,14927.0
여자,B+,서울동부,10338.0,13774.0,14974.0,17302.0,19680.0,23776.0,25095.0,25506.0,26513.0,27745.0,25066.0,20789.0,20978.0,21122.0,20045.0,16185.0,16657.0,18850.0,19373.0,19456.0
여자,B+,부산,13758.0,14233.0,11443.0,14219.0,15407.0,17548.0,17708.0,17848.0,20086.0,21386.0,20857.0,16229.0,17008.0,17626.0,16671.0,15879.0,15824.0,17753.0,17190.0,18022.0
여자,B+,대구·경북,13343.0,14039.0,11161.0,15381.0,17530.0,18145.0,18898.0,20072.0,21408.0,23416.0,22435.0,18656.0,18664.0,19079.0,17647.0,15354.0,18192.0,18396.0,17009.0,18294.0
여자,B+,인천,10699.0,9376.0,8420.0,9642.0,11273.0,14379.0,16539.0,16272.0,16552.0,16908.0,16350.0,13471.0,13025.0,12733.0,12662.0,12509.0,12510.0,13590.0,13095.0,13983.0
여자,B+,울산,4660.0,4760.0,3560.0,4279.0,4675.0,5531.0,5288.0,5995.0,5781.0,5827.0,6426.0,5940.0,5666.0,5819.0,6362.0,5186.0,5401.0,6310.0,6953.0,8296.0
여자,B+,경기,6045.0,7395.0,7295.0,8672.0,11852.0,13270.0,13832.0,13135.0,14252.0,15170.0,16220.0,13927.0,13863.0,12738.0,13835.0,14695.0,15191.0,15457.0,14871.0,15169.0
여자,B+,강원,2116.0,2506.0,2528.0,3192.0,4299.0,4853.0,5720.0,6405.0,7148.0,7892.0,9407.0,7839.0,7743.0,7676.0,7514.0,6642.0,6855.0,7638.0,7632.0,8756.0
여자,B+,충북,4785.0,4934.0,4031.0,5043.0,5948.0,5954.0,5438.0,6173.0,6521.0,7212.0,7285.0,6245.0,6701.0,6303.0,6690.0,5299.0,5785.0,6310.0,6026.0,6273.0
여자,B+,대전·세종·충남,5829.0,8356.0,8495.0,11280.0,11637.0,11492.0,12279.0,14152.0,15937.0,16603.0,18398.0,17410.0,18055.0,18773.0,19557.0,17889.0,17404.0,18909.0,17584.0,18473.0
여자,B+,전북,6641.0,7762.0,5708.0,6799.0,7701.0,7935.0,9053.0,9380.0,9101.0,9287.0,8682.0,7423.0,7000.0,6703.0,7062.0,6813.0,6898.0,7109.0,7191.0,7777.0
여자,B+,광주·전남,10541.0,14087.0,12985.0,15845.0,15889.0,17323.0,17929.0,16254.0,18183.0,20099.0,20386.0,17569.0,18007.0,16203.0,16363.0,14021.0,14652.0,16379.0,15244.0,15514.0
여자,B+,경남,3417.0,4106.0,4355.0,4847.0,5622.0,6573.0,6112.0,6726.0,8366.0,8708.0,7940.0,7373.0,7780.0,8412.0,8675.0,8229.0,7810.0,8169.0,7840.0,8733.0
여자,B+,제주,2263.0,2055.0,1998.0,3017.0,3773.0,4347.0,3957.0,3512.0,3951.0,4542.0,4755.0,3770.0,3714.0,3125.0,3583.0,3927.0,3781.0,4014.0,4493.0,4765.0
여자,B+,대한적십자사 외,2352.0,2014.0,3326.0,5009.0,7927.0,13792.0,16587.0,18056.0,21638.0,21431.0,20118.0,21614.0,19122.0,18486.0,13399.0,14081.0,14636.0,17020.0,19293.0,17089.0
여자,AB+,서울중앙,4875.0,5437.0,5798.0,6931.0,6922.0,9017.0,7146.0,7146.0,7146.0,7146.0,7146.0,7146.0,7146.0,8288.0,7773.0,7309.0,7029.0,7655.0,7751.0,8111.0
여자,AB+,서울서부,2249.0,2724.0,4188.0,5068.0,5699.0,2787.0,10570.0,10375.0,10479.0,11388.0,11345.0,9284.0,8704.0,7297.0,7297.0,7297.0,7297.0,7297.0,7297.0,7297.0
여자,AB+,서울남부,3342.0,4227.0,3950.0,4912.0,6145.0,6541.0,6535.0,7076.0,7211.0,6735.0,6719.0,6768.0,6764.0,6343.0,6137.0,5286.0,5124.0,5656.0,5576.0,6430.0
여자,AB+,서울동부,4123.0,5681.0,6265.0,7269.0,8058.0,10119.0,11063.0,10897.0,11173.0,11694.0,10517.0,8995.0,8662.0,8618.0,8318.0,6934.0,7187.0,8194.0,8346.0,8267.0
여자,AB+,부산,5492.0,6003.0,5078.0,6283.0,6540.0,7863.0,7468.0,7504.0,8588.0,9114.0,9184.0,7146.0,7118.0,7802.0,7415.0,6788.0,7051.0,7833.0,7364.0,7884.0
여자,AB+,대구·경북,5213.0,5485.0,4437.0,6156.0,7258.0,7598.0,7841.0,8504.0,8749.0,9525.0,9030.0,7601.0,7534.0,7594.0,7185.0,6283.0,7416.0,7256.0,6881.0,7402.0
여자,AB+,인천,4475.0,3884.0,3562.0,4042.0,4767.0,5897.0,6867.0,6950.0,7000.0,7268.0,6978.0,5664.0,5341.0,5309.0,5396.0,5287.0,5222.0,5675.0,5588.0,5795.0
여자,AB+,울산,1951.0,1954.0,1442.0,1649.0,1920.0,2192.0,2245.0,2448.0,2458.0,2524.0,2602.0,2486.0,2269.0,2350.0,2572.0,2083.0,2186.0,2612.0,2938.0,3328.0
여자,AB+,경기,2443.0,3125.0,2917.0,3672.0,4971.0,5584.0,5642.0,5371.0,5702.0,6225.0,6817.0,5719.0,5632.0,5366.0,5964.0,6250.0,6468.0,6487.0,6373.0,6213.0
여자,AB+,강원,808.0,992.0,1027.0,1300.0,1806.0,1875.0,2210.0,2406.0,2876.0,3126.0,3726.0,3078.0,3090.0,2936.0,2818.0,2520.0,2637.0,2816.0,2991.0,3295.0
여자,AB+,충북,1929.0,2023.0,1618.0,2017.0,2326.0,2475.0,2159.0,2469.0,2657.0,2919.0,2867.0,2519.0,2524.0,2437.0,2711.0,2303.0,2443.0,2529.0,2454.0,2694.0
여자,AB+,대전·세종·충남,2378.0,3457.0,3558.0,4835.0,4998.0,4913.0,5085.0,6367.0,7201.0,7274.0,8323.0,7623.0,7843.0,8207.0,8337.0,7902.0,7744.0,8313.0,7604.0,7901.0
여자,AB+,전북,3031.0,3549.0,2707.0,3032.0,3541.0,3619.0,4237.0,4239.0,4321.0,4280.0,4059.0,3406.0,3254.0,3167.0,3381.0,3230.0,3284.0,3310.0,3292.0,3469.0
여자,AB+,광주·전남,5085.0,6706.0,6220.0,7697.0,7745.0,7986.0,8035.0,7487.0,8388.0,9274.0,9287.0,8027.0,8514.0,7686.0,7704.0,6761.0,6979.0,7811.0,7082.0,7314.0
여자,AB+,경남,1396.0,1673.0,1846.0,2005.0,2407.0,2787.0,2471.0,2785.0,3463.0,3606.0,3319.0,3207.0,3279.0,3684.0,3597.0,3507.0,3279.0,3384.0,3310.0,3704.0
여자,AB+,제주,759.0,644.0,708.0,1073.0,1408.0,1612.0,1452.0,1320.0,1544.0,1700.0,1827.0,1444.0,1450.0,1149.0,1258.0,1440.0,1633.0,1506.0,1680.0,1790.0
여자,AB+,대한적십자사 외,1027.0,933.0,1491.0,2132.0,3076.0,5699.0,7047.0,7537.0,8982.0,8986.0,8604.0,9214.0,7871.0,7729.0,5662.0,6072.0,6099.0,6921.0,7956.0,7230.0
여자,O-,서울중앙,50.0,70.0,67.0,75.0,70.0,106.0,95.0,95.0,95.0,95.0,95.0,95.0,95.0,125.0,120.0,112.0,128.0,104.0,90.0,115.0
여자,O-,서울서부,26.0,26.0,33.0,41.0,46.0,21.0,94.0,122.0,131.0,133.0,130.0,112.0,128.0,80.0,80.0,80.0,80.0,80.0,80.0,80.0
여자,O-,서울남부,36.0,46.0,58.0,47.0,54.0,81.0,67.0,91.0,81.0,92.0,87.0,78.0,90.0,90.0,68.0,49.0,75.0,85.0,71.0,87.0
여자,O-,서울동부,49.0,59.0,61.0,75.0,68.0,106.0,121.0,119.0,156.0,125.0,133.0,121.0,156.0,141.0,166.0,108.0,115.0,125.0,139.0,154.0
여자,O-,부산,69.0,65.0,48.0,79.0,81.0,90.0,90.0,91.0,86.0,129.0,145.0,103.0,108.0,86.0,95.0,116.0,86.0,98.0,62.0,79.0
여자,O-,대구·경북,46.0,56.0,48.0,75.0,88.0,61.0,77.0,85.0,90.0,91.0,72.0,74.0,77.0,105.0,108.0,84.0,123.0,120.0,91.0,97.0
여자,O-,인천,31.0,58.0,23.0,40.0,41.0,66.0,67.0,78.0,67.0,85.0,95.0,73.0,75.0,79.0,77.0,67.0,68.0,83.0,50.0,90.0
여자,O-,울산,16.0,35.0,21.0,24.0,22.0,31.0,28.0,33.0,32.0,42.0,36.0,19.0,23.0,28.0,28.0,19.0,29.0,27.0,48.0,38.0
여자,O-,경기,28.0,29.0,25.0,39.0,36.0,50.0,63.0,69.0,71.0,74.0,85.0,78.0,78.0,68.0,78.0,86.0,92.0,75.0,79.0,77.0
여자,O-,강원,10.0,18.0,7.0,12.0,18.0,29.0,31.0,22.0,42.0,42.0,44.0,23.0,26.0,18.0,30.0,23.0,42.0,38.0,36.0,28.0
여자,O-,충북,18.0,23.0,22.0,34.0,36.0,30.0,33.0,30.0,37.0,39.0,39.0,25.0,28.0,27.0,27.0,19.0,25.0,24.0,21.0,25.0
여자,O-,대전·세종·충남,32.0,56.0,60.0,36.0,53.0,68.0,76.0,97.0,99.0,108.0,137.0,126.0,124.0,134.0,136.0,126.0,143.0,145.0,126.0,153.0
여자,O-,전북,27.0,23.0,28.0,42.0,48.0,26.0,41.0,36.0,32.0,36.0,36.0,21.0,23.0,37.0,30.0,28.0,18.0,17.0,19.0,26.0
여자,O-,광주·전남,50.0,81.0,79.0,74.0,80.0,71.0,70.0,56.0,73.0,84.0,90.0,66.0,63.0,61.0,64.0,59.0,67.0,71.0,49.0,62.0
여자,O-,경남,14.0,17.0,15.0,26.0,23.0,34.0,20.0,28.0,41.0,27.0,32.0,38.0,47.0,50.0,40.0,49.0,53.0,52.0,53.0,46.0
여자,O-,제주,8.0,10.0,5.0,12.0,13.0,15.0,13.0,14.0,24.0,17.0,7.0,11.0,7.0,8.0,14.0,12.0,14.0,17.0,12.0,9.0
여자,O-,대한적십자사 외,11.0,17.0,14.0,23.0,34.0,53.0,59.0,99.0,109.0,108.0,85.0,95.0,78.0,87.0,56.0,72.0,55.0,66.0,79.0,83.0
여자,A-,서울중앙,64.0,67.0,66.0,104.0,78.0,114.0,101.0,101.0,101.0,101.0,101.0,101.0,101.0,125.0,126.0,124.0,95.0,101.0,124.0,120.0
여자,A-,서울서부,14.0,41.0,44.0,59.0,65.0,50.0,157.0,129.0,162.0,157.0,146.0,120.0,116.0,97.0,97.0,97.0,97.0,97.0,97.0,97.0
여자,A-,서울남부,63.0,74.0,56.0,75.0,63.0,67.0,70.0,57.0,69.0,77.0,81.0,85.0,131.0,114.0,84.0,98.0,98.0,85.0,73.0,109.0
여자,A-,서울동부,46.0,52.0,73.0,97.0,109.0,115.0,122.0,123.0,153.0,150.0,140.0,121.0,112.0,99.0,126.0,93.0,126.0,101.0,95.0,126.0
여자,A-,부산,90.0,119.0,87.0,106.0,106.0,128.0,119.0,121.0,131.0,146.0,141.0,81.0,94.0,88.0,93.0,87.0,78.0,85.0,98.0,73.0
여자,A-,대구·경북,58.0,79.0,66.0,92.0,92.0,88.0,111.0,131.0,125.0,134.0,124.0,91.0,117.0,120.0,117.0,75.0,133.0,107.0,109.0,89.0
여자,A-,인천,68.0,48.0,44.0,43.0,54.0,73.0,70.0,62.0,71.0,68.0,47.0,58.0,64.0,50.0,55.0,60.0,53.0,52.0,62.0,65.0
여자,A-,울산,21.0,33.0,10.0,25.0,22.0,25.0,25.0,33.0,38.0,40.0,46.0,26.0,23.0,19.0,34.0,37.0,34.0,31.0,46.0,57.0
여자,A-,경기,34.0,43.0,33.0,53.0,50.0,69.0,77.0,75.0,110.0,106.0,100.0,76.0,88.0,75.0,80.0,96.0,109.0,89.0,72.0,85.0
여자,A-,강원,7.0,18.0,12.0,8.0,18.0,20.0,18.0,16.0,18.0,25.0,30.0,39.0,38.0,29.0,37.0,38.0,41.0,42.0,57.0,52.0
여자,A-,충북,23.0,30.0,15.0,18.0,21.0,22.0,17.0,37.0,23.0,31.0,31.0,21.0,31.0,29.0,30.0,36.0,35.0,30.0,28.0,29.0
여자,A-,대전·세종·충남,34.0,43.0,31.0,29.0,38.0,43.0,42.0,63.0,70.0,75.0,87.0,80.0,89.0,108.0,115.0,125.0,101.0,106.0,91.0,105.0
여자,A-,전북,38.0,51.0,33.0,29.0,29.0,32.0,45.0,44.0,32.0,40.0,47.0,44.0,36.0,22.0,33.0,49.0,57.0,46.0,52.0,43.0
여자,A-,광주·전남,61.0,91.0,78.0,68.0,80.0,90.0,93.0,74.0,112.0,121.0,146.0,110.0,129.0,80.0,81.0,100.0,105.0,118.0,85.0,85.0
여자,A-,경남,24.0,26.0,29.0,29.0,24.0,34.0,33.0,51.0,39.0,50.0,48.0,38.0,43.0,37.0,35.0,41.0,62.0,59.0,46.0,73.0
여자,A-,제주,10.0,4.0,2.0,7.0,16.0,16.0,16.0,18.0,13.0,17.0,15.0,16.0,8.0,13.0,11.0,10.0,17.0,9.0,5.0,14.0
여자,A-,대한적십자사 외,10.0,21.0,10.0,20.0,33.0,65.0,68.0,72.0,112.0,125.0,94.0,106.0,108.0,104.0,80.0,91.0,103.0,97.0,125.0,97.0
여자,B-,서울중앙,46.0,49.0,67.0,62.0,77.0,104.0,83.0,83.0,83.0,83.0,83.0,83.0,83.0,95.0,100.0,94.0,91.0,84.0,91.0,114.0
여자,B-,서울서부,22.0,36.0,37.0,66.0,54.0,20.0,117.0,94.0,114.0,108.0,106.0,96.0,79.0,73.0,73.0,73.0,73.0,73.0,73.0,73.0
여자,B-,서울남부,39.0,39.0,40.0,50.0,77.0,77.0,69.0,60.0,93.0,105.0,61.0,48.0,42.0,59.0,54.0,42.0,44.0,62.0,55.0,42.0
여자,B-,서울동부,45.0,50.0,53.0,53.0,54.0,69.0,107.0,84.0,76.0,131.0,101.0,86.0,79.0,76.0,84.0,71.0,90.0,83.0,78.0,86.0
여자,B-,부산,57.0,40.0,48.0,65.0,69.0,95.0,89.0,72.0,86.0,83.0,85.0,68.0,70.0,82.0,64.0,78.0,92.0,98.0,56.0,96.0
여자,B-,대구·경북,68.0,59.0,58.0,78.0,58.0,78.0,83.0,92.0,90.0,78.0,69.0,81.0,63.0,85.0,77.0,84.0,91.0,94.0,76.0,94.0
여자,B-,인천,44.0,51.0,63.0,38.0,63.0,45.0,81.0,58.0,106.0,93.0,95.0,55.0,49.0,38.0,48.0,52.0,65.0,62.0,43.0,42.0
여자,B-,울산,29.0,33.0,18.0,17.0,20.0,32.0,24.0,25.0,20.0,13.0,26.0,29.0,37.0,22.0,19.0,22.0,23.0,32.0,39.0,40.0
여자,B-,경기,35.0,24.0,32.0,55.0,58.0,58.0,53.0,73.0,82.0,71.0,65.0,49.0,50.0,72.0,60.0,71.0,92.0,77.0,99.0,108.0
여자,B-,강원,10.0,17.0,9.0,15.0,15.0,18.0,15.0,25.0,23.0,27.0,37.0,29.0,26.0,27.0,30.0,26.0,32.0,33.0,40.0,37.0
여자,B-,충북,29.0,28.0,13.0,31.0,32.0,45.0,25.0,37.0,44.0,41.0,45.0,27.0,21.0,29.0,21.0,26.0,22.0,32.0,36.0,19.0
여자,B-,대전·세종·충남,38.0,40.0,39.0,51.0,40.0,50.0,54.0,61.0,63.0,78.0,81.0,68.0,55.0,59.0,61.0,64.0,49.0,51.0,47.0,71.0
여자,B-,전북,16.0,31.0,26.0,32.0,38.0,33.0,23.0,31.0,28.0,32.0,41.0,34.0,33.0,18.0,32.0,26.0,29.0,25.0,26.0,23.0
여자,B-,광주·전남,33.0,48.0,38.0,53.0,46.0,57.0,50.0,55.0,54.0,79.0,80.0,82.0,65.0,64.0,61.0,47.0,44.0,47.0,62.0,43.0
여자,B-,경남,20.0,17.0,16.0,21.0,16.0,21.0,16.0,26.0,27.0,26.0,30.0,19.0,39.0,60.0,57.0,42.0,51.0,42.0,41.0,42.0
여자,B-,제주,5.0,7.0,7.0,6.0,7.0,9.0,13.0,8.0,11.0,13.0,12.0,8.0,8.0,12.0,10.0,6.0,7.0,10.0,11.0,8.0
여자,B-,대한적십자사 외,6.0,6.0,3.0,20.0,23.0,64.0,79.0,94.0,97.0,99.0,79.0,80.0,64.0,83.0,72.0,70.0,67.0,71.0,63.0,65.0
여자,AB-,서울중앙,27.0,29.0,31.0,42.0,43.0,64.0,41.0,41.0,41.0,41.0,41.0,41.0,41.0,40.0,37.0,36.0,48.0,48.0,50.0,32.0
여자,AB-,서울서부,14.0,13.0,20.0,23.0,27.0,10.0,77.0,72.0,71.0,83.0,53.0,31.0,32.0,40.0,40.0,40.0,40.0,40.0,40.0,40.0
여자,AB-,서울남부,27.0,37.0,21.0,23.0,13.0,44.0,38.0,30.0,28.0,47.0,45.0,34.0,39.0,36.0,19.0,16.0,12.0,26.0,19.0,41.0
여자,AB-,서울동부,18.0,12.0,25.0,27.0,29.0,31.0,39.0,38.0,36.0,40.0,29.0,29.0,40.0,42.0,30.0,29.0,26.0,28.0,33.0,40.0
여자,AB-,부산,26.0,21.0,13.0,17.0,22.0,23.0,24.0,23.0,28.0,43.0,65.0,32.0,40.0,28.0,19.0,24.0,27.0,33.0,21.0,25.0
여자,AB-,대구·경북,30.0,19.0,23.0,30.0,27.0,27.0,36.0,34.0,25.0,53.0,38.0,45.0,38.0,47.0,32.0,43.0,45.0,35.0,31.0,31.0
여자,AB-,인천,23.0,22.0,15.0,19.0,34.0,29.0,29.0,34.0,32.0,44.0,22.0,24.0,15.0,15.0,16.0,32.0,50.0,25.0,25.0,46.0
여자,AB-,울산,4.0,6.0,6.0,7.0,8.0,11.0,12.0,8.0,7.0,19.0,9.0,7.0,5.0,4.0,8.0,9.0,6.0,21.0,29.0,18.0
여자,AB-,경기,25.0,14.0,10.0,11.0,19.0,17.0,33.0,24.0,17.0,19.0,25.0,33.0,19.0,17.0,33.0,26.0,40.0,35.0,37.0,29.0
여자,AB-,강원,1.0,12.0,1.0,12.0,2.0,7.0,7.0,14.0,14.0,10.0,24.0,15.0,16.0,18.0,20.0,11.0,14.0,14.0,16.0,12.0
여자,AB-,충북,11.0,19.0,13.0,7.0,6.0,9.0,3.0,22.0,15.0,16.0,24.0,25.0,22.0,25.0,15.0,18.0,22.0,13.0,14.0,12.0
여자,AB-,대전·세종·충남,7.0,22.0,16.0,24.0,10.0,29.0,22.0,21.0,27.0,33.0,40.0,41.0,23.0,34.0,34.0,24.0,23.0,40.0,33.0,32.0
여자,AB-,전북,14.0,11.0,9.0,8.0,15.0,13.0,21.0,13.0,10.0,16.0,16.0,7.0,4.0,4.0,3.0,5.0,12.0,10.0,17.0,17.0
여자,AB-,광주·전남,22.0,26.0,30.0,21.0,24.0,22.0,26.0,18.0,27.0,34.0,28.0,28.0,37.0,30.0,29.0,20.0,23.0,27.0,30.0,23.0
여자,AB-,경남,14.0,7.0,9.0,14.0,14.0,13.0,11.0,12.0,17.0,21.0,13.0,19.0,23.0,21.0,26.0,23.0,16.0,18.0,22.0,16.0
여자,AB-,제주,3.0,3.0,4.0,4.0,7.0,12.0,10.0,11.0,15.0,12.0,9.0,8.0,3.0,2.0,4.0,3.0,3.0,3.0,2.0,4.0
여자,AB-,대한적십자사 외,2.0,3.0,2.0,3.0,18.0,25.0,33.0,36.0,36.0,30.0,37.0,43.0,41.0,49.0,26.0,26.0,22.0,36.0,36.0,31.0
